tabela,arquivos_na_tabela,coluna,tipo,linhas_no_arquivo_exemplo,nulos_no_arquivo_exemplo,pct_nulos
br_bd_diretorios_brasil.municipio,1,id_municipio,object,5571,0,0.0
br_bd_diretorios_brasil.municipio,1,id_municipio_6,object,5571,0,0.0
br_bd_diretorios_brasil.municipio,1,id_municipio_tse,object,5571,1,0.0
br_bd_diretorios_brasil.municipio,1,id_municipio_rf,object,5571,1,0.0
br_bd_diretorios_brasil.municipio,1,id_municipio_bcb,object,5571,1,0.0
br_bd_diretorios_brasil.municipio,1,nome,object,5571,0,0.0
br_bd_diretorios_brasil.municipio,1,capital_uf,Int64,5571,1,0.0
br_bd_diretorios_brasil.municipio,1,id_comarca,object,5571,1,0.0
br_bd_diretorios_brasil.municipio,1,id_regiao_saude,object,5571,1,0.0
br_bd_diretorios_brasil.municipio,1,nome_regiao_saude,object,5571,1,0.0
br_bd_diretorios_brasil.municipio,1,id_regiao_imediata,object,5571,0,0.0
br_bd_diretorios_brasil.municipio,1,nome_regiao_imediata,object,5571,0,0.0
br_bd_diretorios_brasil.municipio,1,id_regiao_intermediaria,object,5571,0,0.0
br_bd_diretorios_brasil.municipio,1,nome_regiao_intermediaria,object,5571,0,0.0
br_bd_diretorios_brasil.municipio,1,id_microrregiao,object,5571,1,0.0
br_bd_diretorios_brasil.municipio,1,nome_microrregiao,object,5571,1,0.0
br_bd_diretorios_brasil.municipio,1,id_mesorregiao,object,5571,1,0.0
br_bd_diretorios_brasil.municipio,1,nome_mesorregiao,object,5571,1,0.0
br_bd_diretorios_brasil.municipio,1,id_regiao_metropolitana,object,5571,4139,74.3
br_bd_diretorios_brasil.municipio,1,nome_regiao_metropolitana,object,5571,4139,74.3
br_bd_diretorios_brasil.municipio,1,ddd,object,5571,1,0.0
br_bd_diretorios_brasil.municipio,1,id_uf,object,5571,0,0.0
br_bd_diretorios_brasil.municipio,1,sigla_uf,object,5571,0,0.0
br_bd_diretorios_brasil.municipio,1,nome_uf,object,5571,0,0.0
br_bd_diretorios_brasil.municipio,1,nome_regiao,object,5571,0,0.0
br_bd_diretorios_brasil.municipio,1,amazonia_legal,Int64,5571,0,0.0
br_bd_diretorios_brasil.municipio,1,centroide,object,5571,0,0.0
br_bd_diretorios_brasil.uf,1,id_uf,object,27,0,0.0
br_bd_diretorios_brasil.uf,1,sigla,object,27,0,0.0
br_bd_diretorios_brasil.uf,1,nome,object,27,0,0.0
br_bd_diretorios_brasil.uf,1,regiao,object,27,0,0.0
br_inep_avaliacao_alfabetizacao.alunos,2,ano,Int64,1747439,0,0.0
br_inep_avaliacao_alfabetizacao.alunos,2,id_municipio,object,1747439,0,0.0
br_inep_avaliacao_alfabetizacao.alunos,2,id_escola,object,1747439,0,0.0
br_inep_avaliacao_alfabetizacao.alunos,2,id_aluno,object,1747439,0,0.0
br_inep_avaliacao_alfabetizacao.alunos,2,caderno,object,1747439,0,0.0
br_inep_avaliacao_alfabetizacao.alunos,2,serie,object,1747439,0,0.0
br_inep_avaliacao_alfabetizacao.alunos,2,rede,object,1747439,0,0.0
br_inep_avaliacao_alfabetizacao.alunos,2,presenca,object,1747439,0,0.0
br_inep_avaliacao_alfabetizacao.alunos,2,preenchimento_caderno,object,1747439,0,0.0
br_inep_avaliacao_alfabetizacao.alunos,2,alfabetizado,object,1747439,0,0.0
br_inep_avaliacao_alfabetizacao.alunos,2,proficiencia,float64,1747439,244630,14.0
br_inep_avaliacao_alfabetizacao.alunos,2,peso_aluno,float64,1747439,244630,14.0
br_inep_avaliacao_alfabetizacao.dicionario,1,id_tabela,object,27,0,0.0
br_inep_avaliacao_alfabetizacao.dicionario,1,nome_coluna,object,27,0,0.0
br_inep_avaliacao_alfabetizacao.dicionario,1,chave,object,27,0,0.0
br_inep_avaliacao_alfabetizacao.dicionario,1,cobertura_temporal,object,27,0,0.0
br_inep_avaliacao_alfabetizacao.dicionario,1,valor,object,27,0,0.0
br_inep_avaliacao_alfabetizacao.meta_alfabetizacao_brasil,1,ano,Int64,3,0,0.0
br_inep_avaliacao_alfabetizacao.meta_alfabetizacao_brasil,1,rede,object,3,0,0.0
br_inep_avaliacao_alfabetizacao.meta_alfabetizacao_brasil,1,taxa_alfabetizacao,float64,3,0,0.0
br_inep_avaliacao_alfabetizacao.meta_alfabetizacao_brasil,1,meta_alfabetizacao_2024,float64,3,0,0.0
br_inep_avaliacao_alfabetizacao.meta_alfabetizacao_brasil,1,meta_alfabetizacao_2025,float64,3,0,0.0
br_inep_avaliacao_alfabetizacao.meta_alfabetizacao_brasil,1,meta_alfabetizacao_2026,float64,3,0,0.0
br_inep_avaliacao_alfabetizacao.meta_alfabetizacao_brasil,1,meta_alfabetizacao_2027,float64,3,0,0.0
br_inep_avaliacao_alfabetizacao.meta_alfabetizacao_brasil,1,meta_alfabetizacao_2028,float64,3,0,0.0
br_inep_avaliacao_alfabetizacao.meta_alfabetizacao_brasil,1,meta_alfabetizacao_2029,float64,3,0,0.0
br_inep_avaliacao_alfabetizacao.meta_alfabetizacao_brasil,1,meta_alfabetizacao_2030,float64,3,0,0.0
br_inep_avaliacao_alfabetizacao.meta_alfabetizacao_brasil,1,percentual_participacao,float64,3,0,0.0
br_inep_avaliacao_alfabetizacao.meta_alfabetizacao_municipio,1,ano,Int64,10704,0,0.0
br_inep_avaliacao_alfabetizacao.meta_alfabetizacao_municipio,1,id_municipio,object,10704,0,0.0
br_inep_avaliacao_alfabetizacao.meta_alfabetizacao_municipio,1,rede,object,10704,0,0.0
br_inep_avaliacao_alfabetizacao.meta_alfabetizacao_municipio,1,taxa_alfabetizacao,float64,10704,120,1.1
br_inep_avaliacao_alfabetizacao.meta_alfabetizacao_municipio,1,meta_alfabetizacao_2024,float64,10704,240,2.2
br_inep_avaliacao_alfabetizacao.meta_alfabetizacao_municipio,1,meta_alfabetizacao_2025,float64,10704,0,0.0
br_inep_avaliacao_alfabetizacao.meta_alfabetizacao_municipio,1,meta_alfabetizacao_2026,float64,10704,0,0.0
br_inep_avaliacao_alfabetizacao.meta_alfabetizacao_municipio,1,meta_alfabetizacao_2027,float64,10704,0,0.0
br_inep_avaliacao_alfabetizacao.meta_alfabetizacao_municipio,1,meta_alfabetizacao_2028,float64,10704,0,0.0
br_inep_avaliacao_alfabetizacao.meta_alfabetizacao_municipio,1,meta_alfabetizacao_2029,float64,10704,0,0.0
br_inep_avaliacao_alfabetizacao.meta_alfabetizacao_municipio,1,meta_alfabetizacao_2030,float64,10704,0,0.0
br_inep_avaliacao_alfabetizacao.meta_alfabetizacao_municipio,1,nivel_alfabetizacao,Int64,10704,120,1.1
br_inep_avaliacao_alfabetizacao.meta_alfabetizacao_municipio,1,percentual_participacao,float64,10704,120,1.1
br_inep_avaliacao_alfabetizacao.meta_alfabetizacao_uf,1,ano,Int64,81,0,0.0
br_inep_avaliacao_alfabetizacao.meta_alfabetizacao_uf,1,sigla_uf,object,81,0,0.0
br_inep_avaliacao_alfabetizacao.meta_alfabetizacao_uf,1,rede,object,81,0,0.0
br_inep_avaliacao_alfabetizacao.meta_alfabetizacao_uf,1,taxa_alfabetizacao,float64,81,4,4.9
br_inep_avaliacao_alfabetizacao.meta_alfabetizacao_uf,1,meta_alfabetizacao_2024,float64,81,9,11.1
br_inep_avaliacao_alfabetizacao.meta_alfabetizacao_uf,1,meta_alfabetizacao_2025,float64,81,3,3.7
br_inep_avaliacao_alfabetizacao.meta_alfabetizacao_uf,1,meta_alfabetizacao_2026,float64,81,2,2.5
br_inep_avaliacao_alfabetizacao.meta_alfabetizacao_uf,1,meta_alfabetizacao_2027,float64,81,2,2.5
br_inep_avaliacao_alfabetizacao.meta_alfabetizacao_uf,1,meta_alfabetizacao_2028,float64,81,2,2.5
br_inep_avaliacao_alfabetizacao.meta_alfabetizacao_uf,1,meta_alfabetizacao_2029,float64,81,2,2.5
br_inep_avaliacao_alfabetizacao.meta_alfabetizacao_uf,1,meta_alfabetizacao_2030,float64,81,2,2.5
br_inep_avaliacao_alfabetizacao.meta_alfabetizacao_uf,1,percentual_participacao,float64,81,4,4.9
br_inep_avaliacao_alfabetizacao.municipio,2,ano,Int64,11547,0,0.0
br_inep_avaliacao_alfabetizacao.municipio,2,id_municipio,object,11547,0,0.0
br_inep_avaliacao_alfabetizacao.municipio,2,serie,object,11547,0,0.0
br_inep_avaliacao_alfabetizacao.municipio,2,rede,object,11547,0,0.0
br_inep_avaliacao_alfabetizacao.municipio,2,taxa_alfabetizacao,float64,11547,0,0.0
br_inep_avaliacao_alfabetizacao.municipio,2,media_portugues,float64,11547,0,0.0
br_inep_avaliacao_alfabetizacao.municipio,2,proporcao_aluno_nivel_0,float64,11547,11547,100.0
br_inep_avaliacao_alfabetizacao.municipio,2,proporcao_aluno_nivel_1,float64,11547,11547,100.0
br_inep_avaliacao_alfabetizacao.municipio,2,proporcao_aluno_nivel_2,float64,11547,11547,100.0
br_inep_avaliacao_alfabetizacao.municipio,2,proporcao_aluno_nivel_3,float64,11547,11547,100.0
br_inep_avaliacao_alfabetizacao.municipio,2,proporcao_aluno_nivel_4,float64,11547,11547,100.0
br_inep_avaliacao_alfabetizacao.municipio,2,proporcao_aluno_nivel_5,float64,11547,11547,100.0
br_inep_avaliacao_alfabetizacao.municipio,2,proporcao_aluno_nivel_6,float64,11547,11547,100.0
br_inep_avaliacao_alfabetizacao.municipio,2,proporcao_aluno_nivel_7,float64,11547,11547,100.0
br_inep_avaliacao_alfabetizacao.municipio,2,proporcao_aluno_nivel_8,float64,11547,11547,100.0
br_inep_avaliacao_alfabetizacao.uf,2,ano,Int64,70,0,0.0
br_inep_avaliacao_alfabetizacao.uf,2,sigla_uf,object,70,0,0.0
br_inep_avaliacao_alfabetizacao.uf,2,serie,object,70,0,0.0
br_inep_avaliacao_alfabetizacao.uf,2,rede,object,70,0,0.0
br_inep_avaliacao_alfabetizacao.uf,2,taxa_alfabetizacao,float64,70,0,0.0
br_inep_avaliacao_alfabetizacao.uf,2,media_portugues,float64,70,0,0.0
br_inep_avaliacao_alfabetizacao.uf,2,proporcao_aluno_nivel_0,float64,70,70,100.0
br_inep_avaliacao_alfabetizacao.uf,2,proporcao_aluno_nivel_1,float64,70,70,100.0
br_inep_avaliacao_alfabetizacao.uf,2,proporcao_aluno_nivel_2,float64,70,70,100.0
br_inep_avaliacao_alfabetizacao.uf,2,proporcao_aluno_nivel_3,float64,70,70,100.0
br_inep_avaliacao_alfabetizacao.uf,2,proporcao_aluno_nivel_4,float64,70,70,100.0
br_inep_avaliacao_alfabetizacao.uf,2,proporcao_aluno_nivel_5,float64,70,70,100.0
br_inep_avaliacao_alfabetizacao.uf,2,proporcao_aluno_nivel_6,float64,70,70,100.0
br_inep_avaliacao_alfabetizacao.uf,2,proporcao_aluno_nivel_7,float64,70,70,100.0
br_inep_avaliacao_alfabetizacao.uf,2,proporcao_aluno_nivel_8,float64,70,70,100.0
